type,name,module,path,hash
"csv","agent-manifest","_config","_config/agent-manifest.csv","eeaa56f29d3d9c8360194b91737baba6fdcdf0f58ece07c58b98dfad74e99c60"
"yaml","manifest","_config","_config/manifest.yaml","f157333341e0ebe239b6fca24853b6fd501d1177c26c5cb8c911a35df20f38d7"
"csv","brain-methods","core","core/bmad-brainstorming/brain-methods.csv","0ab5878b1dbc9e3fa98cb72abfc3920a586b9e2b42609211bb0516eefd542039"
"csv","methods","core","core/bmad-advanced-elicitation/methods.csv","e08b2e22fec700274982e37be608d6c3d1d4d0c04fa0bae05aa9dba2454e6141"
"csv","module-help","core","core/module-help.csv","3a16823dcffc0c08f30097f2eb2244e81d5f3debecd323cd484131245389203c"
"md","compression-rules","core","core/bmad-distillator/resources/compression-rules.md","86e53d6a2072b379864766681d1cc4e1aad3d4428ecca8c46010f7364da32724"
"md","distillate-compressor","core","core/bmad-distillator/agents/distillate-compressor.md","c00da33b39a43207a224c4043d1aa4158e90e41ab421fff0ea7cc55beec81ef8"
"md","distillate-format-reference","core","core/bmad-distillator/resources/distillate-format-reference.md","5c23eed087d950b68d307f5cbf001dac8f73e822f307f3a4ef5f4cb57ddeda99"
"md","round-trip-reconstructor","core","core/bmad-distillator/agents/round-trip-reconstructor.md","47c83f4a37249ddac38460d8c95d162f6fc175a8919888e8090aed71bd9383bc"
"md","SKILL","core","core/bmad-advanced-elicitation/SKILL.md","1a7396d28ba7524588d44e5eac9b6a41372a0bf8d9e1c4c469728493abd5e12f"
"md","SKILL","core","core/bmad-brainstorming/SKILL.md","f4a2c22b40ed34cdbd3282dd6161a3b869902f3bc75b58e181fc9faf78eedd9d"
"md","SKILL","core","core/bmad-distillator/SKILL.md","756ee0706ff6b8a3d5726b465e81ba244e4eaeba21b7de0d2390473acebb5ddc"
"md","SKILL","core","core/bmad-editorial-review-prose/SKILL.md","b3687fe80567378627bc2a0c5034ae8d65dfeedcf2b6c90da077f4feca462d0c"
"md","SKILL","core","core/bmad-editorial-review-structure/SKILL.md","164444359d74f695a84faf7ea558d0eef39c75561e6b26669f97a165c6f75538"
"md","SKILL","core","core/bmad-help/SKILL.md","cd7096b2ff55b2b87e12d6b9c4c9ea13dfca78c49299a09327c97107f9531da8"
"md","SKILL","core","core/bmad-index-docs/SKILL.md","a855d7060414e73ca4fe8e1a3e1cc4d0f2ce394846e52340bdf5a1317e0d234a"
"md","SKILL","core","core/bmad-party-mode/SKILL.md","0e24fb777af648d3f093b6f8932a4b91a9fe1b459439b661fcb7879ac50e2ac0"
"md","SKILL","core","core/bmad-review-adversarial-general/SKILL.md","7bffc39e6dba4d9123648c5d4d79e17c3c5b1efbd927c3fe0026c2dbb8d99cff"
"md","SKILL","core","core/bmad-review-edge-case-hunter/SKILL.md","f49ed9976f46b4cefa1fc8b4f0a495f16089905e6a7bbf4ce73b8f05c9ae3ee6"
"md","SKILL","core","core/bmad-shard-doc/SKILL.md","3a1538536514725fd4f31aded280ee56b9645fc61d114fd94aacb3ac52304e52"
"md","splitting-strategy","core","core/bmad-distillator/resources/splitting-strategy.md","26d3ed05f912cf99ff9ebe2353f2d84d70e3e852e23a32b1215c13416ad708b5"
"md","step-01-session-setup","core","core/bmad-brainstorming/steps/step-01-session-setup.md","7fd2aed9527ccdf35fc86bd4c9b27b4a530b5cfdfb90ae2b7385d3185bcd60bc"
"md","step-01b-continue","core","core/bmad-brainstorming/steps/step-01b-continue.md","49f8d78290291f974432bc8e8fce340de58ed62aa946e9e3182858bf63829920"
"md","step-02a-user-selected","core","core/bmad-brainstorming/steps/step-02a-user-selected.md","7ff3bca27286d17902ecea890494599796633e24a25ea6b31bbd6c3d2e54eba2"
"md","step-02b-ai-recommended","core","core/bmad-brainstorming/steps/step-02b-ai-recommended.md","cb77b810e0c98e080b4378999f0e250bacba4fb74c1bcb0a144cffe9989d2cbd"
"md","step-02c-random-selection","core","core/bmad-brainstorming/steps/step-02c-random-selection.md","91c6e16213911a231a41b1a55be7c939e7bbcd1463bd49cb03b5b669a90c0868"
"md","step-02d-progressive-flow","core","core/bmad-brainstorming/steps/step-02d-progressive-flow.md","6b6fbbd34bcf334d79f09e8c36ed3c9d55ddd3ebb8f8f77aa892643d1a4e3436"
"md","step-03-technique-execution","core","core/bmad-brainstorming/steps/step-03-technique-execution.md","b97afefd4ccc5234e554a3dfc5555337269ce171e730b250c756718235e9df60"
"md","step-04-idea-organization","core","core/bmad-brainstorming/steps/step-04-idea-organization.md","acb7eb6a54161213bb916cabf7d0d5084316704e792a880968fc340855cdcbbb"
"md","template","core","core/bmad-brainstorming/template.md","5c99d76963eb5fc21db96c5a68f39711dca7c6ed30e4f7d22aedee9e8bb964f9"
"md","workflow","core","core/bmad-brainstorming/workflow.md","74c87846a5cda7a4534ea592ea3125a8d8a1a88d19c94f5f4481fb28d0d16bf2"
"py","analyze_sources","core","core/bmad-distillator/scripts/analyze_sources.py","31e2a8441c3c43c2536739c580cdef6abecb18ff20e7447f42dd868875783166"
"py","test_analyze_sources","core","core/bmad-distillator/scripts/tests/test_analyze_sources.py","d90525311f8010aaf8d7d9212a370468a697866190bae78c35d0aae9b7f23fdf"
"yaml","config","core","core/config.yaml","f43539d87ff1c11351ac92b86da2b22fb820752d044aeeccaf525c96f482e7f9"
"csv","documentation-requirements","gds","gds/workflows/gds-document-project/documentation-requirements.csv","d1253b99e88250f2130516b56027ed706e643bfec3d99316727a4c6ec65c6c1d"
"csv","domain-complexity","gds","gds/workflows/2-design/gds-create-prd/data/domain-complexity.csv","f775f09fb4dc1b9214ca22db4a3994ce53343d976d7f6e5384949835db6d2770"
"csv","domain-complexity","gds","gds/workflows/2-design/gds-validate-prd/data/domain-complexity.csv","f775f09fb4dc1b9214ca22db4a3994ce53343d976d7f6e5384949835db6d2770"
"csv","game-brain-methods","gds","gds/workflows/1-preproduction/gds-brainstorm-game/game-brain-methods.csv","9dd6c853bcd04038223abf0263c465381dace3c9b13c9eb637f22ce9dc93210e"
"csv","game-types","gds","gds/workflows/2-design/gds-create-gdd/game-types.csv","a44c04d09432c886a7a5a8112474bd32540d8e84de25b308dca0f96e570651fd"
"csv","genre-complexity","gds","gds/workflows/2-design/gds-validate-gdd/data/genre-complexity.csv","eecea9633da780aab181f8e439bd5229be4794f26d5ccab7c433ee4865eee1f5"
"csv","module-help","gds","gds/module-help.csv","4fd44b83045cfba1bc7cda8a4d59da6d4bba128c7ce3df3bbec801ce11ac42bf"
"csv","pattern-categories","gds","gds/workflows/3-technical/gds-game-architecture/pattern-categories.csv","d9a275931bfed32a65106ce374f2bf8e48ecc9327102a08f53b25818a8c78c04"
"csv","project-types","gds","gds/workflows/2-design/gds-create-prd/data/project-types.csv","7a01d336e940fb7a59ff450064fd1194cdedda316370d939264a0a0adcc0aca3"
"csv","project-types","gds","gds/workflows/2-design/gds-validate-prd/data/project-types.csv","7a01d336e940fb7a59ff450064fd1194cdedda316370d939264a0a0adcc0aca3"
"csv","qa-index","gds","gds/agents/gds-agent-game-dev/gametest/qa-index.csv","daa577ca80b3b51c08a8ed5521e4a25553d7d32a3342dbde40ccaee4a20351eb"
"json","project-scan-report-schema","gds","gds/workflows/gds-document-project/templates/project-scan-report-schema.json","53255f15a10cab801a1d75b4318cdb0095eed08c51b3323b7e6c236ae6b399b7"
"md","action-platformer","gds","gds/workflows/2-design/gds-create-gdd/game-types/action-platformer.md","f1cbe9e9a52acd01ff120d05ce22fa81b30500933f62a3c6c36642280244057c"
"md","adventure","gds","gds/workflows/2-design/gds-create-gdd/game-types/adventure.md","06aa57786c2e7ebc7580d501fcdefaabb28933c7b5785d6643bf643f58ae13e7"
"md","architecture-template","gds","gds/workflows/3-technical/gds-game-architecture/templates/architecture-template.md","91655e166f5a2f3f56ae09997107eab15772c1e4d9186397bce0339eca7be32f"
"md","backlog-template","gds","gds/workflows/4-production/gds-code-review/backlog-template.md","84b1381c05012999ff9a8b036b11c8aa2f926db4d840d256b56d2fa5c11f4ef7"
"md","balance-testing","gds","gds/agents/gds-agent-game-dev/gametest/knowledge/balance-testing.md","01843831d603883219828afbe19784864464277f3bcddb2c104ff05bedbb8053"
"md","card-game","gds","gds/workflows/2-design/gds-create-gdd/game-types/card-game.md","6b9298ace2607c8e93d64533e6406828053234282e4977e4407faa2e9302fd0a"
"md","certification-testing","gds","gds/agents/gds-agent-game-dev/gametest/knowledge/certification-testing.md","9e7f57aac247f9c4d384b498f749e2e2376b8706066fb60d3e7b9c27d3ffccab"
"md","checklist","gds","gds/workflows/1-preproduction/gds-create-game-brief/checklist.md","3516d66cffceb3e5ab23e1ddc9aaed8c0335eb0755e7437488cdebff96162395"
"md","checklist","gds","gds/workflows/2-design/gds-create-gdd/checklist.md","d733c5d0118d692710fb7af3018239f4fc01c47fe122437db6d8477d697b3fb3"
"md","checklist","gds","gds/workflows/2-design/gds-create-narrative/checklist.md","9bcfa41212cd74869199dba1a7d9cd5691e2bbc49e6b74b11e51c32955477524"
"md","checklist","gds","gds/workflows/3-technical/gds-game-architecture/checklist.md","289baf9035dd22a4159a78b20afe93bb549d6177f95d261054ded79b4667052e"
"md","checklist","gds","gds/workflows/4-production/gds-code-review/checklist.md","e30d2890ba5c50777bbe04071f754e975a1d7ec168501f321a79169c4201dd28"
"md","checklist","gds","gds/workflows/4-production/gds-correct-course/checklist.md","3e082b95def90ccb876e3101ce0bbaf797a0f03a9471e1347361897f27977327"
"md","checklist","gds","gds/workflows/4-production/gds-create-story/checklist.md","0694a44014e15c7724b6268b6d96a41cbbdb7a9a33597d787078e652f4223280"
"md","checklist","gds","gds/workflows/4-production/gds-dev-story/checklist.md","630b68c6824a8785003a65553c1f335222b17be93b1bd80524c23b38bde1d8af"
"md","checklist","gds","gds/workflows/4-production/gds-sprint-planning/checklist.md","80b10aedcf88ab1641b8e5f99c9a400c8fd9014f13ca65befc5c83992e367dd7"
"md","checklist","gds","gds/workflows/gametest/gds-e2e-scaffold/checklist.md","0bf93f3994d88ea73024ddb90682a78b7d5d2ac9f39e0db18f372be06f79bff1"
"md","checklist","gds","gds/workflows/gametest/gds-performance-test/checklist.md","20ab16701d3b0e51b90bcf394f9a74afc40e3db8e04dbdc6fff6f88287639954"
"md","checklist","gds","gds/workflows/gametest/gds-playtest-plan/checklist.md","7d504957f7edb22081f5ae01b6f35db118414c33b4f612b6cd08b5f71645cbf3"
"md","checklist","gds","gds/workflows/gametest/gds-test-automate/checklist.md","b2eefabfba15ccf30a49d46eb0e2b3f9e88304e1c1bbe6febe00d1006d85e155"
"md","checklist","gds","gds/workflows/gametest/gds-test-design/checklist.md","5346d6af9545fed2f338834d58624b84598e4527cc21718b77bf9166b8a80840"
"md","checklist","gds","gds/workflows/gametest/gds-test-framework/checklist.md","cb4e9255f7386eed2244e77d74a9086980950f3d62927f38f6ee7707676c1a39"
"md","checklist","gds","gds/workflows/gametest/gds-test-review/checklist.md","2444685b29ed742dacfbab77f17cfbc17bd2fd4f91917afb01eb2b9c3f33ffca"
"md","checklist","gds","gds/workflows/gds-document-project/checklist.md","581b0b034c25de17ac3678db2dbafedaeb113de37ddf15a4df6584cf2324a7d7"
"md","compatibility-testing","gds","gds/agents/gds-agent-game-dev/gametest/knowledge/compatibility-testing.md","52647005c34e8219084c35536c6bcdec284936cdaf215cd0c6d130804f3823d7"
"md","compile-epic-context","gds","gds/workflows/gds-quick-flow/gds-quick-dev/compile-epic-context.md","5cfda02f252941e415b80c57b4528f46226b3cbf456ad45d78fcb5a7ef4816e2"
"md","deep-dive-instructions","gds","gds/workflows/gds-document-project/workflows/deep-dive-instructions.md","8cb3d32d7685e5deff4731c2003d30b4321ef6c29247b3ddbe672c185e022604"
"md","deep-dive-template","gds","gds/workflows/gds-document-project/templates/deep-dive-template.md","6198aa731d87d6a318b5b8d180fc29b9aa53ff0966e02391c17333818e94ffe9"
"md","deep-dive-workflow","gds","gds/workflows/gds-document-project/workflows/deep-dive-workflow.md","ea0c34679e4f06cd2e5d04bc71bdb337e45a6b8194d0e0f00ca7bde22815f66f"
"md","discover-inputs","gds","gds/workflows/4-production/gds-code-review/discover-inputs.md","dfedba6a8ea05c9a91c6d202c4b29ee3ea793d8ef77575034787ae0fef280507"
"md","discover-inputs","gds","gds/workflows/4-production/gds-create-story/discover-inputs.md","dfedba6a8ea05c9a91c6d202c4b29ee3ea793d8ef77575034787ae0fef280507"
"md","documentation-standards","gds","gds/agents/gds-agent-tech-writer/documentation-standards.md","b046192ee42fcd1a3e9b2ae6911a0db38510323d072c8d75bad0594f943039e4"
"md","e2e-testing","gds","gds/agents/gds-agent-game-dev/gametest/knowledge/e2e-testing.md","e6480e6a6011c21fd68dc4eeb1d00653773c5436c67b7baaaa22ab168fc4aa69"
"md","epics-template","gds","gds/workflows/3-technical/gds-create-epics-and-stories/templates/epics-template.md","e61ae220bfb3e2394e0f0d58dc4c5436343703b0ff8efe18e0f690b584571927"
"md","explain-concept","gds","gds/agents/gds-agent-tech-writer/explain-concept.md","6ea82dbe4e41d4bb8880cbaa62d936e40cef18f8c038be73ae6e09c462abafc9"
"md","fighting","gds","gds/workflows/2-design/gds-create-gdd/game-types/fighting.md","52e5a142aac496ae7154fc0829bfbce1ef22296f0a464cf8e595aa14ca02eb86"
"md","full-scan-instructions","gds","gds/workflows/gds-document-project/workflows/full-scan-instructions.md","6c6e0d77b33f41757eed8ebf436d4def69cd6ce412395b047bf5909f66d876aa"
"md","full-scan-workflow","gds","gds/workflows/gds-document-project/workflows/full-scan-workflow.md","3c9f0ab595c2ca465d47d3c67ad64da5995017891f7376960a9af9e8a7cd73dd"
"md","game-brief-template","gds","gds/workflows/1-preproduction/gds-create-game-brief/templates/game-brief-template.md","6d5555fae3763e8528898663d51276e0cc7d2d9725a8c74162d8e9732dbc5843"
"md","game-context","gds","gds/workflows/1-preproduction/gds-brainstorm-game/game-context.md","d0f5cb4d6151bb65b799676281ea2af0fe1b5ec227c92ceba655ba363e18a0ba"
"md","gdd-purpose","gds","gds/workflows/2-design/gds-edit-gdd/data/gdd-purpose.md","245fc7b3acbeecb402bd0a9e8267c2ca2a87d7a82114fa3f6b2226e87060c163"
"md","gdd-purpose","gds","gds/workflows/2-design/gds-validate-gdd/data/gdd-purpose.md","245fc7b3acbeecb402bd0a9e8267c2ca2a87d7a82114fa3f6b2226e87060c163"
"md","gdd-template","gds","gds/workflows/2-design/gds-create-gdd/templates/gdd-template.md","070ccbb7f491dc1b1d126245c2e4db4a55dbc5a7ee6a6df4be521ca70e3c9ea6"
"md","godot-engine","gds","gds/workflows/3-technical/gds-game-architecture/knowledge/godot-engine.md","d1d02c49d4642eb8b934e9860fad9b15d3905cf6220d54685f94057f5300fea0"
"md","godot-testing","gds","gds/agents/gds-agent-game-dev/gametest/knowledge/godot-testing.md","17b51e665fe6c0e49d7619710bf5a199b3feb3de2f035aff03075a2e7aadf4ac"
"md","horror","gds","gds/workflows/2-design/gds-create-gdd/game-types/horror.md","7ff7599d5701bb7a8ef0e14f3ba614626cdd0d8960a8e880fc1cd41c5f508f75"
"md","idle-incremental","gds","gds/workflows/2-design/gds-create-gdd/game-types/idle-incremental.md","515b52bb301e467c1f096cc55abde47159bb0b0d87157b9fa565973b48601ddf"
"md","index-template","gds","gds/workflows/gds-document-project/templates/index-template.md","42c8a14f53088e4fda82f26a3fe41dc8a89d4bcb7a9659dd696136378b64ee90"
"md","input-testing","gds","gds/agents/gds-agent-game-dev/gametest/knowledge/input-testing.md","331c6c844db592deac86847e3982b5fad8ebb7ead322ab637093f92152bfe90d"
"md","instructions","gds","gds/workflows/gds-document-project/instructions.md","ae0a4a4cdfbadb21dc938bd60a4bc967751e458e532c7009a4c16a3a6d85aada"
"md","localization-testing","gds","gds/agents/gds-agent-game-dev/gametest/knowledge/localization-testing.md","6eee5cccfd9a81db853a8aa2327bd5f898276155a0868758a2c76c6e9094d0fe"
"md","mermaid-gen","gds","gds/agents/gds-agent-tech-writer/mermaid-gen.md","1d83fcc5fa842bc31ecd9fd7e45fbf013fabcadf0022d3391fff5b53b48e4b5d"
"md","metroidvania","gds","gds/workflows/2-design/gds-create-gdd/game-types/metroidvania.md","2a8c101dda7911d1cd1d9c66d1be86af3725832f5dcc7fab71e95204f45614ea"
"md","moba","gds","gds/workflows/2-design/gds-create-gdd/game-types/moba.md","92d0ba9f7508a38d5bfeac1651c6aee8a1a58c54659ad3f0e0d1fd678a1ef498"
"md","multiplayer-testing","gds","gds/agents/gds-agent-game-dev/gametest/knowledge/multiplayer-testing.md","51ac9e47ba1a8ddae7720d301f97596d67d72252d91cd44338fd73353fc5969d"
"md","narrative-template","gds","gds/workflows/2-design/gds-create-narrative/templates/narrative-template.md","a97e07173c540f85e946eb9c525e1ccad9294ae5f970760f2a9c537b5c0dcd6b"
"md","party-game","gds","gds/workflows/2-design/gds-create-gdd/game-types/party-game.md","0cc50b3aede0c45c94cdff743cdac2d8ad67421ea80497a29d2300a1744ea703"
"md","performance-template","gds","gds/workflows/gametest/gds-performance-test/performance-template.md","4bd04e73953f2f3dedff20b9032f99023656f141f21c080e49f15060c64ffa80"
"md","performance-testing","gds","gds/agents/gds-agent-game-dev/gametest/knowledge/performance-testing.md","b9acfb6f8d20b9f9d2e7b83419298f3053f6fc5dab5cb9005898d133556c09fe"
"md","phaser-engine","gds","gds/workflows/3-technical/gds-game-architecture/knowledge/phaser-engine.md","23536650150ed5f2a794e081fba4669abfb953c8e0be6ac6b000e17d35eebb3d"
"md","playtest-template","gds","gds/workflows/gametest/gds-playtest-plan/playtest-template.md","8fa7654007f4f881f0167cb252b6b9ca63c0735fb9e6ef63a4bc81954b428f47"
"md","playtesting","gds","gds/agents/gds-agent-game-dev/gametest/knowledge/playtesting.md","bd989a375d3e444da9b892bf0e33ed98c9f9d88f578f260501c3eaf7553d0b3c"
"md","prd-purpose","gds","gds/workflows/2-design/gds-create-prd/data/prd-purpose.md","9e2738afd4a0f11f232ea9b64c56baa6535e95e3bcbc1d3861b1c43fa5008901"
"md","prd-purpose","gds","gds/workflows/2-design/gds-edit-prd/data/prd-purpose.md","9e2738afd4a0f11f232ea9b64c56baa6535e95e3bcbc1d3861b1c43fa5008901"
"md","prd-purpose","gds","gds/workflows/2-design/gds-validate-prd/data/prd-purpose.md","9e2738afd4a0f11f232ea9b64c56baa6535e95e3bcbc1d3861b1c43fa5008901"
"md","prd-template","gds","gds/workflows/2-design/gds-create-prd/templates/prd-template.md","7ccccab9c06a626b7a228783b0b9b6e4172e9ec0b10d47bbfab56958c898f837"
"md","project-context-template","gds","gds/workflows/3-technical/gds-generate-project-context/project-context-template.md","4816f83b0edc8c7e19a57e4a4a6419ca40953fc7dcd48326700f2876e77c60fa"
"md","project-overview-template","gds","gds/workflows/gds-document-project/templates/project-overview-template.md","a7c7325b75a5a678dca391b9b69b1e3409cfbe6da95e70443ed3ace164e287b2"
"md","puzzle","gds","gds/workflows/2-design/gds-create-gdd/game-types/puzzle.md","f9c08b6f087bfaa41ea08c9dfa78aa034f5ae46b627b9f476bdf8b4f5c3389ed"
"md","qa-automation","gds","gds/agents/gds-agent-game-dev/gametest/knowledge/qa-automation.md","1de6d14ea9299a2b73a2da33dff6c5b4c1bf5757365a5449968589baaa123cbc"
"md","racing","gds","gds/workflows/2-design/gds-create-gdd/game-types/racing.md","085ea5d0914d7bc6a233c479d0ad6288a575ad1c8b9a8a85881e779fac0e60fc"
"md","readiness-report-template","gds","gds/workflows/3-technical/gds-check-implementation-readiness/templates/readiness-report-template.md","0da97ab1e38818e642f36dc0ef24d2dae69fc6e0be59924dc2dbf44329738ff6"
"md","regression-testing","gds","gds/agents/gds-agent-game-dev/gametest/knowledge/regression-testing.md","bbf85811219194de9df3499277f93427d2cc623384a8f1ac22726067ab6426dd"
"md","research.template","gds","gds/workflows/1-preproduction/research/gds-domain-research/research.template.md","507bb6729476246b1ca2fca4693986d286a33af5529b6cd5cb1b0bb5ea9926ce"
"md","research.template","gds","gds/workflows/1-preproduction/research/research.template.md","507bb6729476246b1ca2fca4693986d286a33af5529b6cd5cb1b0bb5ea9926ce"
"md","rhythm","gds","gds/workflows/2-design/gds-create-gdd/game-types/rhythm.md","83bbf1761fdc604b8c2b50ed86c5874cce331417e1b3a46c65cb6c4c1a7c8db2"
"md","roguelike","gds","gds/workflows/2-design/gds-create-gdd/game-types/roguelike.md","fb1ebc838011020a6f740e6fb4f2ceb81be8477f9c67bc7ae3a8e34dfe548f00"
"md","rpg","gds","gds/workflows/2-design/gds-create-gdd/game-types/rpg.md","5aa57ecefb448a0507ee0c8d503b43bd34d0c612ba130240d1af9842b80cba50"
"md","sandbox","gds","gds/workflows/2-design/gds-create-gdd/game-types/sandbox.md","836f656bbaae549f31ac574c0865a61de451c08ab8c561db2c93398e147ece85"
"md","save-testing","gds","gds/agents/gds-agent-game-dev/gametest/knowledge/save-testing.md","b64e42def93f604dcfadd6ed81c8950e1d0eb75d936f1da7de3f727323e76201"
"md","shooter","gds","gds/workflows/2-design/gds-create-gdd/game-types/shooter.md","2452850295ac2b9fac04ce2d6126bfc19bb7dccbb04c40e7f89c801aecc5555d"
"md","simulation","gds","gds/workflows/2-design/gds-create-gdd/game-types/simulation.md","fd74a7d21243f8d9827fe6a99263579309bc0aabd9e56261d3dd4eb5cfc75ad5"
"md","SKILL","gds","gds/agents/gds-agent-game-architect/SKILL.md","131d5fe77ff4664545f641e3399bf7294246686e23bbdedf59e1a84e1f136453"
"md","SKILL","gds","gds/agents/gds-agent-game-designer/SKILL.md","5d53161c1b670f61c147fbf2c8bd158ccf6d128ec62b6b1d8039fb4ce642a262"
"md","SKILL","gds","gds/agents/gds-agent-game-dev/SKILL.md","d615df6e0f48d5081ba71771fdb943c16415aa2761fb7dd2b91da5efd66383af"
"md","SKILL","gds","gds/agents/gds-agent-game-solo-dev/SKILL.md","a4e6cf00a372e5735e64920d6abbd2bd8a7d21d82a1ae58d340011b764b2436f"
"md","SKILL","gds","gds/agents/gds-agent-tech-writer/SKILL.md","5116b184faaf4cf574924a84ae3563fc9884d467de7b11cf90267608190a1cd0"
"md","SKILL","gds","gds/workflows/1-preproduction/gds-brainstorm-game/SKILL.md","9f1044996263c9cf9d1e9ad91ac69978dd6a407ced4acc55ebe4d417d5d5d98d"
"md","SKILL","gds","gds/workflows/1-preproduction/gds-create-game-brief/SKILL.md","366dd7e7cbd1c523fff2ce61c1588cf11aba43ffee06cb44249fed9f081062cf"
"md","SKILL","gds","gds/workflows/1-preproduction/research/gds-domain-research/SKILL.md","b3a4f4c38bd09453449f55cebada9bed760dca4fdea8c5b161090234ad44792d"
"md","SKILL","gds","gds/workflows/2-design/gds-create-gdd/SKILL.md","f3aa0f7227db8dc6d85447c51632c3457dedd9111ffa78087567a389b9021924"
"md","SKILL","gds","gds/workflows/2-design/gds-create-narrative/SKILL.md","970ca819170eff67f2d6ca245f8304fc6b789eb31f9ebeae00e8eeda3111b296"
"md","SKILL","gds","gds/workflows/2-design/gds-create-prd/SKILL.md","7f9374f68a3549780001ad1bccfed4938b48a15975294fe6eed0fb93993a26d7"
"md","SKILL","gds","gds/workflows/2-design/gds-create-ux-design/SKILL.md","5a607e3cf2eaf952d4e864b0407447d93adae2617588139bada78562dc57fd43"
"md","SKILL","gds","gds/workflows/2-design/gds-edit-gdd/SKILL.md","df29ecc88b2ce1a3e7c5b02153323824747720efaf6a1e1348c613896a28062d"
"md","SKILL","gds","gds/workflows/2-design/gds-edit-prd/SKILL.md","5d8338fecbad98bab49e2500698ea4b34172723d3de1f9b19db9ebe83a970b0b"
"md","SKILL","gds","gds/workflows/2-design/gds-validate-gdd/SKILL.md","6c5b58dcf7954018b4b317585caae248ce969c11786c6081265ec834292aad36"
"md","SKILL","gds","gds/workflows/2-design/gds-validate-prd/SKILL.md","fe20f2327fc4607d6b83ce7ab4e5dc490a19618f71c24b8e7d35bd6752514d20"
"md","SKILL","gds","gds/workflows/3-technical/gds-check-implementation-readiness/SKILL.md","e28c6d20c51f796c06f1a8b1ade19e8b5a06bdf95da6f751b1aa835a83c1d807"
"md","SKILL","gds","gds/workflows/3-technical/gds-create-epics-and-stories/SKILL.md","2e433426efd73ebddd7b21f757837eae88498d37b30288b17681ebd2249ed3d1"
"md","SKILL","gds","gds/workflows/3-technical/gds-game-architecture/SKILL.md","4a569b3d3313523245343a4153d93fc965b3f8c34a1d193f8bc314a658f2d01d"
"md","SKILL","gds","gds/workflows/3-technical/gds-generate-project-context/SKILL.md","d919b9e5e697b7a76760103941d5dd2bc32ace11e76d57f006b20efd69012d53"
"md","SKILL","gds","gds/workflows/4-production/gds-code-review/SKILL.md","4179848ff30ed0aacbb3c3d97559f8c2692d16e8f353ff78a271da54aa232221"
"md","SKILL","gds","gds/workflows/4-production/gds-correct-course/SKILL.md","b71ea0489e5fd87615ba5dc2ebb42c7da94e08bcaf0bab273cd4ea7d0dc2c059"
"md","SKILL","gds","gds/workflows/4-production/gds-create-story/SKILL.md","e4cf621d7ca48991511b686f770122f837a2b8d6acec5832c6dc9da0ec1fc840"
"md","SKILL","gds","gds/workflows/4-production/gds-dev-story/SKILL.md","a463d72db2086a73235e421a99500bd176e793163698e3a519786151eff49cde"
"md","SKILL","gds","gds/workflows/4-production/gds-retrospective/SKILL.md","0617fed287eef1dcfc7006ee4914eb62ed6ba84012ac241a49e3fe599a3154c7"
"md","SKILL","gds","gds/workflows/4-production/gds-sprint-planning/SKILL.md","71042bb484e68a5c51dd8a511afeaec7e74e1c1747579f0847c88199b2fb4c97"
"md","SKILL","gds","gds/workflows/4-production/gds-sprint-status/SKILL.md","dae60ca363e15130a789804e45cdbe4f7be3c3c0dde07781571c2609cdc34dc5"
"md","SKILL","gds","gds/workflows/gametest/gds-e2e-scaffold/SKILL.md","a59a030feef0bbeefec38bf712201b0a3f4f60d90151b6bb72b63c84e6d1d745"
"md","SKILL","gds","gds/workflows/gametest/gds-performance-test/SKILL.md","245212b0c46a2d0fd843a5e552334ff0bc6c9a6f29f5e4b7cff366ea0bc23028"
"md","SKILL","gds","gds/workflows/gametest/gds-playtest-plan/SKILL.md","fa77b7a67f638572349f2669598f5e3a64aa3010cf69cfefad749b8243d8592c"
"md","SKILL","gds","gds/workflows/gametest/gds-test-automate/SKILL.md","4cd66c0956163ae672dadef256c5b06811bf27a51efd6095a2e43e34da7c25f2"
"md","SKILL","gds","gds/workflows/gametest/gds-test-design/SKILL.md","35aab1bb162e77175c395d121c2ff651e9a61b931eac55b65272f93cbb884fbf"
"md","SKILL","gds","gds/workflows/gametest/gds-test-framework/SKILL.md","23b166bdeb06a50c78f34fe9fdb4e83fd994d1305bf1a2ffabb772202b7880af"
"md","SKILL","gds","gds/workflows/gametest/gds-test-review/SKILL.md","58a18ef2cff02cd759fadb60dd0b829a8826d50f2463d0e7559cdef53a1b6b05"
"md","SKILL","gds","gds/workflows/gds-document-project/SKILL.md","9fa9f661aec89681d770098cd401f677a83250bcedcfd7075c033ce6b079eb31"
"md","SKILL","gds","gds/workflows/gds-quick-flow/gds-quick-dev/SKILL.md","a4f5c17730eb77159d47987cae1a04f9e5cf7cee3d8ec47925c063b6f07ab687"
"md","smoke-testing","gds","gds/agents/gds-agent-game-dev/gametest/knowledge/smoke-testing.md","41843100e39f9a2d48316623d979cfdeed5f0977db5241a1a52f1049301dcd6f"
"md","source-tree-template","gds","gds/workflows/gds-document-project/templates/source-tree-template.md","109bc335ebb22f932b37c24cdc777a351264191825444a4d147c9b82a1e2ad7a"
"md","spec-template","gds","gds/workflows/gds-quick-flow/gds-quick-dev/spec-template.md","3ee15d5a63cf5eeee74149c590668fc61d0e44023eac12988a1ca2a9438a9d39"
"md","sports","gds","gds/workflows/2-design/gds-create-gdd/game-types/sports.md","2247ea87dbca74e879f8c686d9e80434618e9e61bd3572739274c1af64cb0bb8"
"md","step-01-clarify-and-route","gds","gds/workflows/gds-quick-flow/gds-quick-dev/step-01-clarify-and-route.md","b5eb9f0cecf2a462885b8e7b4c21abbaec1e95c8abbd76bc410d9090fd8379f0"
"md","step-01-discover","gds","gds/workflows/3-technical/gds-generate-project-context/steps/step-01-discover.md","41a123ead9f18cc92b2d3cf021729593f16250f4891887c7416afa519914b61a"
"md","step-01-document-discovery","gds","gds/workflows/3-technical/gds-check-implementation-readiness/steps/step-01-document-discovery.md","92b09399c38bf96da3379d96f4709f19f4bc727a6bcf1adf080416ab5fc161ea"
"md","step-01-gather-context","gds","gds/workflows/4-production/gds-code-review/steps/step-01-gather-context.md","dedb3db28815e3df3363bc0d52d00cf7c13db798ac57b622172062e3b38abb8b"
"md","step-01-init","gds","gds/workflows/1-preproduction/gds-brainstorm-game/steps/step-01-init.md","eca859cb1c662a92b3f3f3590fdd2272a183707a58ff9dc8a8944355a0794ac1"
"md","step-01-init","gds","gds/workflows/1-preproduction/gds-create-game-brief/steps/step-01-init.md","0f4184419fe89698c272d959b6e816daca81f4b15e09ab87c7475c940172121a"
"md","step-01-init","gds","gds/workflows/1-preproduction/research/gds-domain-research/domain-steps/step-01-init.md","b91f1561eef3c9126a533ecf58b1eb045f8b7f584f108bada8247f217d5b2dcb"
"md","step-01-init","gds","gds/workflows/1-preproduction/research/market-steps/step-01-init.md","98df33ae9a329498315dbf890a80b6a27d601c90d012435248a0849adaafdaa1"
"md","step-01-init","gds","gds/workflows/1-preproduction/research/technical-steps/step-01-init.md","c3c3e48f2adb9bddae304171f66672ad9a2a3171551aa927de4c64f5683926da"
"md","step-01-init","gds","gds/workflows/2-design/gds-create-gdd/steps-c/step-01-init.md","40145df4ef12f1fe919381b1d6b99cad43e9aa18e7f50b58aa2a84f7b3e6ba32"
"md","step-01-init","gds","gds/workflows/2-design/gds-create-narrative/steps/step-01-init.md","5691536f98f127eb19baeeff3f4a4a6646a84cc393c74921a242c528e96cb9c8"
"md","step-01-init","gds","gds/workflows/2-design/gds-create-prd/steps-c/step-01-init.md","aebff462d85ed2c5c2ddb6bfbff11c4291a3d8529cf0993b69cb01eaf2c57d56"
"md","step-01-init","gds","gds/workflows/2-design/gds-create-ux-design/steps/step-01-init.md","e25940f3efeada6206dd053416680d0df736b45fef6f04db78bbaff3b8846721"
"md","step-01-init","gds","gds/workflows/3-technical/gds-game-architecture/steps/step-01-init.md","f7365466c5a6d92bda82906043f422d053dcefd867d89d7f97e70404e104ec05"
"md","step-01-validate-prerequisites","gds","gds/workflows/3-technical/gds-create-epics-and-stories/steps/step-01-validate-prerequisites.md","956d5cf655621b750f77af9144ebf8ea5c86f910d053469a7e5eabc653c4a341"
"md","step-01b-continue","gds","gds/workflows/1-preproduction/gds-create-game-brief/steps/step-01b-continue.md","b742c364da8d60d94db84fe6a3a5cef08a77612a64bc0a7cb46e3b5eb354de3a"
"md","step-01b-continue","gds","gds/workflows/2-design/gds-create-gdd/steps-c/step-01b-continue.md","76125d5854b3ad6e20bfb3f78c964d7f23c7c9580884dfb83a4112aff33b37c9"
"md","step-01b-continue","gds","gds/workflows/2-design/gds-create-narrative/steps/step-01b-continue.md","01560e00ece082145aa3f775f1b63ed9baf5b1f28e113c615ac2caa03383a0f1"
"md","step-01b-continue","gds","gds/workflows/2-design/gds-create-prd/steps-c/step-01b-continue.md","c2c939cf2dc096e7cbc42a59f82bc986ba5d5119249c61e9520cb618347ef401"
"md","step-01b-continue","gds","gds/workflows/2-design/gds-create-ux-design/steps/step-01b-continue.md","fde4bf8fa3a6d3230d20cb23e71cbc8e2db1cd2b30b693e13d0b3184bc6bb9a6"
"md","step-01b-continue","gds","gds/workflows/3-technical/gds-game-architecture/steps/step-01b-continue.md","ec31da22df2837924af7d1360701cd7c15c78269357c122149d7f767f966d9bf"
"md","step-02-context","gds","gds/workflows/1-preproduction/gds-brainstorm-game/steps/step-02-context.md","823252089860938bb1ef7d7167a4c974b93a910d7428d9b83fa532743763b06a"
"md","step-02-context","gds","gds/workflows/2-design/gds-create-gdd/steps-c/step-02-context.md","21ad9b6fcd4a98d681646a67fef173d73308b308f9f6504a9eded8ca0e66c171"
"md","step-02-context","gds","gds/workflows/3-technical/gds-game-architecture/steps/step-02-context.md","2017829264085d45ee25ead36a668624a15bdf73eb5f81f54c45290193ece607"
"md","step-02-customer-behavior","gds","gds/workflows/1-preproduction/research/market-steps/step-02-customer-behavior.md","bf45b0b8cf181a2bf7ed15b8334ebcbaf053de804ed5b9d5e7a7008be328d9af"
"md","step-02-design-epics","gds","gds/workflows/3-technical/gds-create-epics-and-stories/steps/step-02-design-epics.md","93f3c1cfe187846646b11d49a6bb0c6884076fc906d2c9e43b5c1d4e00c36a9c"
"md","step-02-discovery","gds","gds/workflows/2-design/gds-create-prd/steps-c/step-02-discovery.md","811534d2a58530b0259922f644cdee3b577c5e1ebabbcd7cec6c241905240d9e"
"md","step-02-discovery","gds","gds/workflows/2-design/gds-create-ux-design/steps/step-02-discovery.md","674d361addceb953f13b74418a682522f3604bfed340a7376019c130e7393199"
"md","step-02-domain-analysis","gds","gds/workflows/1-preproduction/research/gds-domain-research/domain-steps/step-02-domain-analysis.md","828ceb015f4b62dfb65a0cf71becbe9ce84de0e6ffcaa3faca56f1e83074cda6"
"md","step-02-foundation","gds","gds/workflows/2-design/gds-create-narrative/steps/step-02-foundation.md","1e73ffe1540d2eb38b293848b6a01a8acc96e90ed1b5bb6e03ed48bdb2b60dea"
"md","step-02-gdd-analysis","gds","gds/workflows/3-technical/gds-check-implementation-readiness/steps/step-02-gdd-analysis.md","d617aa1ece3a5d1c864ec8befa13eca5ce9947a4c95d05864514757f29ceb39c"
"md","step-02-generate","gds","gds/workflows/3-technical/gds-generate-project-context/steps/step-02-generate.md","531201685a090a5bf313932730f83080b470741a994530e62d1d1ff8b64e2dfe"
"md","step-02-plan","gds","gds/workflows/gds-quick-flow/gds-quick-dev/step-02-plan.md","cd1a634c3adbc5b296344d55cead5aa0647d4ceeff95bc6a930715254503ad58"
"md","step-02-review","gds","gds/workflows/4-production/gds-code-review/steps/step-02-review.md","00a6a01eef43d1d29861b1625058f64fcd0851824766e701ddfa338499d78bab"
"md","step-02-technical-overview","gds","gds/workflows/1-preproduction/research/technical-steps/step-02-technical-overview.md","d35810fd1390103e47fce77414d0a5831df83468bc87f413c88c843c41b3e2f9"
"md","step-02-vision","gds","gds/workflows/1-preproduction/gds-create-game-brief/steps/step-02-vision.md","66c999bad79ac6a267975876fadf54a09a9c41f29f3d911b4560e64d9de98c5d"
"md","step-02b-vision","gds","gds/workflows/2-design/gds-create-prd/steps-c/step-02b-vision.md","e8330b41a89a5d7a225bbfc34208e52e9168d2bec1825a19c1604413733c1a19"
"md","step-02c-executive-summary","gds","gds/workflows/2-design/gds-create-prd/steps-c/step-02c-executive-summary.md","3d92407fdd44d5caf201c2cc3fb3a377b66324814b9d534aa586be02a3d430f0"
"md","step-03-competitive-landscape","gds","gds/workflows/1-preproduction/research/gds-domain-research/domain-steps/step-03-competitive-landscape.md","cbfb0020e085395a01615f9b08085d0306f35ffbbfcc6b4236546be34d06695b"
"md","step-03-complete","gds","gds/workflows/3-technical/gds-generate-project-context/steps/step-03-complete.md","30e45e59228a887210e5791bc9f87e29d459579c423db761d72acd9f154c91d8"
"md","step-03-core-experience","gds","gds/workflows/2-design/gds-create-ux-design/steps/step-03-core-experience.md","a7852809a777a4fa87e6f8d14cf86b90b5944e94f4d5e39d9d639e1d79fcde71"
"md","step-03-create-stories","gds","gds/workflows/3-technical/gds-create-epics-and-stories/steps/step-03-create-stories.md","01a5d4b0d760a4dd6ecf911f4e3a3e21159b326e24105813c55630faf8fae628"
"md","step-03-customer-pain-points","gds","gds/workflows/1-preproduction/research/market-steps/step-03-customer-pain-points.md","72e1483807bfa30b93cef014f38d82f8a3e8cf673561be9ab2ae013b98707a16"
"md","step-03-epic-coverage-validation","gds","gds/workflows/3-technical/gds-check-implementation-readiness/steps/step-03-epic-coverage-validation.md","300a9c39dc879d3265f2b753bbf11439b8a8f35d9fb3bb8223f55af19cba1bc0"
"md","step-03-ideation","gds","gds/workflows/1-preproduction/gds-brainstorm-game/steps/step-03-ideation.md","cc31cc1d5eed19349cdfc9ce7e9cc176e31c3f94dd4195354a96edc5ef2766ce"
"md","step-03-implement","gds","gds/workflows/gds-quick-flow/gds-quick-dev/step-03-implement.md","4d848865eafe5eeba7d83529c766bd410a9cc20a05de1d6a764954c7275b4749"
"md","step-03-integration-patterns","gds","gds/workflows/1-preproduction/research/technical-steps/step-03-integration-patterns.md","b449eeace64814a3641be9f376b54bc071b796a17973aacb85076efc33aa8606"
"md","step-03-market","gds","gds/workflows/1-preproduction/gds-create-game-brief/steps/step-03-market.md","3435a83b18d2961f13e14f97571fce53af1877f2e09d8f20cbbdc1853d115a32"
"md","step-03-platforms","gds","gds/workflows/2-design/gds-create-gdd/steps-c/step-03-platforms.md","d14eda065cd1c87b18ea01f01d19d9a44a596d1b9dded5b0606827f99292ab49"
"md","step-03-starter","gds","gds/workflows/3-technical/gds-game-architecture/steps/step-03-starter.md","5cc2fb706cfe7f73aeb4c24ff828d532ab7b3d548d5e1d9003297bd4f3d3f2e0"
"md","step-03-story","gds","gds/workflows/2-design/gds-create-narrative/steps/step-03-story.md","323cddfe1eb7c2639e872410f41938380e5f3a5a0e2497eb1e08628498d6b693"
"md","step-03-success","gds","gds/workflows/2-design/gds-create-prd/steps-c/step-03-success.md","5062daf8ddf2e68056451e9279473e4c766f3bbd48b059ba6016c23ac1fdd834"
"md","step-03-triage","gds","gds/workflows/4-production/gds-code-review/steps/step-03-triage.md","f8dfcba535cd65a053146f96965324d88ed01a790d2aa4bc352869eb90f80a45"
"md","step-04-architectural-patterns","gds","gds/workflows/1-preproduction/research/technical-steps/step-04-architectural-patterns.md","2d7ec8fe9121c4bfc361cfb96c46588c84c99a8a5c837585f3da4e08495de37b"
"md","step-04-characters","gds","gds/workflows/2-design/gds-create-narrative/steps/step-04-characters.md","62768bf6ee2d8cd09a0aa5e8d59ad02da552983c9e7c51b4197e276f92530d10"
"md","step-04-complete","gds","gds/workflows/1-preproduction/gds-brainstorm-game/steps/step-04-complete.md","f54f167cace6fdec2c1de3b31a8154ddf294e705af469491d10d10deecdee57f"
"md","step-04-customer-decisions","gds","gds/workflows/1-preproduction/research/market-steps/step-04-customer-decisions.md","9251d10a11e6c67987496a611699f333802e1c6361b379f0e6ff3932fc823852"
"md","step-04-decisions","gds","gds/workflows/3-technical/gds-game-architecture/steps/step-04-decisions.md","9d1ce5c5910f73eafa0ef161933e4ea6bca9165c0102305f6ad45a6d4dac0938"
"md","step-04-emotional-response","gds","gds/workflows/2-design/gds-create-ux-design/steps/step-04-emotional-response.md","0e4cb91186573ddfb96e23aa2ada5e8560200f1b0e8e31c28f27cd1eb8036d20"
"md","step-04-final-validation","gds","gds/workflows/3-technical/gds-create-epics-and-stories/steps/step-04-final-validation.md","96b47156660d7350f72648032fc4d1fbf108ff6e2e2bf589333cd4dd187b354a"
"md","step-04-fundamentals","gds","gds/workflows/1-preproduction/gds-create-game-brief/steps/step-04-fundamentals.md","31183563ca54d28efc4f85cf55285188fd3c9d91181bdcec8975240f9ab42d97"
"md","step-04-journeys","gds","gds/workflows/2-design/gds-create-prd/steps-c/step-04-journeys.md","d90f3a5cbf7c6eb549d07b70f66aa57e8a05bf50104aff03421f21733b611ac8"
"md","step-04-present","gds","gds/workflows/4-production/gds-code-review/steps/step-04-present.md","de7673dce5214d7c913e3d1e8a04356b37c07673b3fdfa7d25176e6d86ab4ae3"
"md","step-04-regulatory-focus","gds","gds/workflows/1-preproduction/research/gds-domain-research/domain-steps/step-04-regulatory-focus.md","043b814ab146ca144c5b968df3f485166145b3013852b5abbe4e463fd1abe711"
"md","step-04-review","gds","gds/workflows/gds-quick-flow/gds-quick-dev/step-04-review.md","e62a50a37ab20eb426f5abd44179dfac51548707b5e85e6fe7817c144cbe3dae"
"md","step-04-ux-alignment","gds","gds/workflows/3-technical/gds-check-implementation-readiness/steps/step-04-ux-alignment.md","dbc0e078c29b253bcbe621a3f2f6489d5ac5b2b489c49b74812bc99bbf37d07a"
"md","step-04-vision","gds","gds/workflows/2-design/gds-create-gdd/steps-c/step-04-vision.md","3c8637851a078beb38168f2e901f5aee6746e1f134442f557e835dd4d836010d"
"md","step-05-competitive-analysis","gds","gds/workflows/1-preproduction/research/market-steps/step-05-competitive-analysis.md","c6b884a0d16edfa5dc258ac13371adc6f6196a46be2590a9d7f24f9992f8e617"
"md","step-05-core-gameplay","gds","gds/workflows/2-design/gds-create-gdd/steps-c/step-05-core-gameplay.md","2b15ce6e38b0678c98115ff6f25b1ba5eda47686c18af451c492c57a7f9bd4a9"
"md","step-05-crosscutting","gds","gds/workflows/3-technical/gds-game-architecture/steps/step-05-crosscutting.md","f2a82bcd5411088e7e49a314354459f2ec6a1f16450ecd6970e52ad90303612e"
"md","step-05-domain","gds","gds/workflows/2-design/gds-create-prd/steps-c/step-05-domain.md","d4e9be19128697491a11f5e2dddf08552cb6c0bfce52fc1b02ed4baabd66be21"
"md","step-05-epic-quality-review","gds","gds/workflows/3-technical/gds-check-implementation-readiness/steps/step-05-epic-quality-review.md","c08c2a8971947e08c20bb2921daaf6ba2343241dc94abcbfab9f98b82d36bf83"
"md","step-05-implementation-research","gds","gds/workflows/1-preproduction/research/technical-steps/step-05-implementation-research.md","c847c05b96071bb5318913caaa8e4e72144db8c0174226e588afc22d49cf0f21"
"md","step-05-inspiration","gds","gds/workflows/2-design/gds-create-ux-design/steps/step-05-inspiration.md","b64315563e41e8a596d0ef7a8badba79ab96101a9914bda0402fed08cfcafe42"
"md","step-05-present","gds","gds/workflows/gds-quick-flow/gds-quick-dev/step-05-present.md","af2ff02b947383f90e758075c9eaf8a27f8127cfaa1762cce1a9693f2528d2c4"
"md","step-05-scope","gds","gds/workflows/1-preproduction/gds-create-game-brief/steps/step-05-scope.md","c53c4e02a661927284a31482b615114633ffa4a1534ba394e36c7c0b35ad8008"
"md","step-05-technical-trends","gds","gds/workflows/1-preproduction/research/gds-domain-research/domain-steps/step-05-technical-trends.md","6005b52750aea1f7da12da2266de03dea2b0cc6504854d1c123fe11cf817a1cf"
"md","step-05-world","gds","gds/workflows/2-design/gds-create-narrative/steps/step-05-world.md","5299a1c4cf2ba1fbd35b11de9b5112c825a7cb81ce5bbb4e517ac1d363de1877"
"md","step-06-design-system","gds","gds/workflows/2-design/gds-create-ux-design/steps/step-06-design-system.md","0fdb99845d82cb7b22d3bc73f56a6745d3b9d67f9a47c3f8efe752967179f66c"
"md","step-06-dialogue","gds","gds/workflows/2-design/gds-create-narrative/steps/step-06-dialogue.md","41eeb85da9cdb3c52f4a0b713d5ffaed11bc8f660e3aaa772a7cefd02aa3a4bf"
"md","step-06-final-assessment","gds","gds/workflows/3-technical/gds-check-implementation-readiness/steps/step-06-final-assessment.md","e9d298e48521da244110ffa2131784d76b948499cfc7e6454efbd460ce3fc782"
"md","step-06-innovation","gds","gds/workflows/2-design/gds-create-prd/steps-c/step-06-innovation.md","34369fb544f559b779a6b8fba32b9bd3bdccbaf083c7f01d311d6fdc85b1e95a"
"md","step-06-mechanics","gds","gds/workflows/2-design/gds-create-gdd/steps-c/step-06-mechanics.md","90e2f9e7fa1cdc9b77b4073734911833c3d36c02e1627f7a2a65de73b07b8e74"
"md","step-06-references","gds","gds/workflows/1-preproduction/gds-create-game-brief/steps/step-06-references.md","d40571cfc0bd0188edfb962970f431d492182fef766b2c766004759fb068304c"
"md","step-06-research-completion","gds","gds/workflows/1-preproduction/research/market-steps/step-06-research-completion.md","af1bb87eedbbfbb1228bbb2834c56962dac2006bc497e61745dd7375dcf00e1b"
"md","step-06-research-synthesis","gds","gds/workflows/1-preproduction/research/gds-domain-research/domain-steps/step-06-research-synthesis.md","659a065fd40607d94aab2572ad16ec05ad8e1232cd4fccdde147a4fca3418459"
"md","step-06-research-synthesis","gds","gds/workflows/1-preproduction/research/technical-steps/step-06-research-synthesis.md","e1cc457ecba6e677b9f083cc413d8b3013767697ca5f1656c5c44200d73c6f8d"
"md","step-06-structure","gds","gds/workflows/3-technical/gds-game-architecture/steps/step-06-structure.md","5890ee8fd23080c3997e232fef0135a4c9d06267feb96d9ec686ffc879f5f5f1"
"md","step-07-content","gds","gds/workflows/1-preproduction/gds-create-game-brief/steps/step-07-content.md","d8fa4a93d0d0b7e6bef1f7dd42fada232053516063f3cd4430f6f9065db93d57"
"md","step-07-defining-experience","gds","gds/workflows/2-design/gds-create-ux-design/steps/step-07-defining-experience.md","04f338f30517d0e20ff81333f3a4a835151d190ab86edbbeb0f5408cc119e8e8"
"md","step-07-environmental","gds","gds/workflows/2-design/gds-create-narrative/steps/step-07-environmental.md","3a8c5898d2659c7c185554a53e80ccdb85d35cbc925e35681b142655068457b0"
"md","step-07-game-type","gds","gds/workflows/2-design/gds-create-gdd/steps-c/step-07-game-type.md","44cc010c546911818ab65c153f413cec6dfe0f5c3aababe77354542441d2c568"
"md","step-07-patterns","gds","gds/workflows/3-technical/gds-game-architecture/steps/step-07-patterns.md","c3b6928e272f315c036e5378d751e94c33d1ec175f0c29ad852c5f4b5444b325"
"md","step-07-project-type","gds","gds/workflows/2-design/gds-create-prd/steps-c/step-07-project-type.md","26631ee08b4014abe21da6079eb38c4c910effd1f6c69cb4dcece18cbcf9f683"
"md","step-08-complete","gds","gds/workflows/1-preproduction/gds-create-game-brief/steps/step-08-complete.md","64b3beb785b81259fd54056fe3d115b3848d22bc879b74ff7867ac2501d2636f"
"md","step-08-delivery","gds","gds/workflows/2-design/gds-create-narrative/steps/step-08-delivery.md","720f99945f72579c9eb564f7e6d97cad7ae70a08bf6bc710b58467f1a9c441c8"
"md","step-08-progression","gds","gds/workflows/2-design/gds-create-gdd/steps-c/step-08-progression.md","f215c05fc47ff794124438efc659e1412590a17efc8dec4f5f4d245a198ec078"
"md","step-08-scoping","gds","gds/workflows/2-design/gds-create-prd/steps-c/step-08-scoping.md","132d72250c89863852458c40f068d2b5f88a52ceb46923f118de63fe82fa261c"
"md","step-08-validation","gds","gds/workflows/3-technical/gds-game-architecture/steps/step-08-validation.md","4645aeb15979b8b5cd4fdced9849ebbb842f8cabb27802db27b01be7de6139d5"
"md","step-08-visual-foundation","gds","gds/workflows/2-design/gds-create-ux-design/steps/step-08-visual-foundation.md","504cebd2f6329a4b66761dc0c294e2c7733825329da6f592dca83e2a478b9944"
"md","step-09-complete","gds","gds/workflows/3-technical/gds-game-architecture/steps/step-09-complete.md","504e82d9c4a96c40bacefb55788d47d21157a0dd783320745398643b0496325b"
"md","step-09-design-directions","gds","gds/workflows/2-design/gds-create-ux-design/steps/step-09-design-directions.md","d4e793d43f2cf9d25037a974f91194e481fb579106e60d0dc6c8ca4e870202f5"
"md","step-09-functional","gds","gds/workflows/2-design/gds-create-prd/steps-c/step-09-functional.md","7b3f25182c92a55b393e841d2cca7db0125d2a107deee27bc54d6d9433584a8a"
"md","step-09-integration","gds","gds/workflows/2-design/gds-create-narrative/steps/step-09-integration.md","deede2f73efebb7ab44bb1d91584e52c032e2d2cfe630349817f1d994edb2bcb"
"md","step-09-levels","gds","gds/workflows/2-design/gds-create-gdd/steps-c/step-09-levels.md","d525dc7cfbb53c82af73532b83b8ebf5df2423f39972d0ef31177de031f702bb"
"md","step-10-art-audio","gds","gds/workflows/2-design/gds-create-gdd/steps-c/step-10-art-audio.md","6283cc8cb31601a1b6bf271c4e612792e86b5ddbea4e6a87628f2e42701580b3"
"md","step-10-nonfunctional","gds","gds/workflows/2-design/gds-create-prd/steps-c/step-10-nonfunctional.md","f3c67399bef6c3ce595bb3cbaa9f9fb3d96a50965b9f4b926d7e9a42cd1956ac"
"md","step-10-production","gds","gds/workflows/2-design/gds-create-narrative/steps/step-10-production.md","2915b7b30a2341e4f4252d65320ae4d9079477a66cc2784ab6452fc97373fdb6"
"md","step-10-user-journeys","gds","gds/workflows/2-design/gds-create-ux-design/steps/step-10-user-journeys.md","dfd9d1fa37405812623fba3f70e60f6cdb7f1adb4afb62f0afa8848878f10e02"
"md","step-11-complete","gds","gds/workflows/2-design/gds-create-narrative/steps/step-11-complete.md","b24f3f7570d3c5be1cea8c7c6800bf71f2cfab07e1c5955f90457bb360a6d5a3"
"md","step-11-component-strategy","gds","gds/workflows/2-design/gds-create-ux-design/steps/step-11-component-strategy.md","aee0cdb0ba76e29394b8b59fba8d61dd2a3a75557782acac7d9714b8faf1b953"
"md","step-11-polish","gds","gds/workflows/2-design/gds-create-prd/steps-c/step-11-polish.md","eaedd95e40ad47fed4362ccf6da99a52557c2785057d898cca1e13503e86ac3a"
"md","step-11-technical","gds","gds/workflows/2-design/gds-create-gdd/steps-c/step-11-technical.md","11d92f543a41fef236056187c6ae4a572e1272d03b55096e334f41d2d7a332db"
"md","step-12-complete","gds","gds/workflows/2-design/gds-create-prd/steps-c/step-12-complete.md","ca72be8ac8f7591247b0bfccb858f3e1204834be6d8ff62bdd92003bf2cd4618"
"md","step-12-epics","gds","gds/workflows/2-design/gds-create-gdd/steps-c/step-12-epics.md","ff024c4d2e25bbce930deac4fcf8cd9f59faa07dba9b70fd71b0f963f5dbf37d"
"md","step-12-ux-patterns","gds","gds/workflows/2-design/gds-create-ux-design/steps/step-12-ux-patterns.md","7b79d913cc2f3b0ff3b6fce384d5b99d44fb010b5d9695e1606110945234ee18"
"md","step-13-metrics","gds","gds/workflows/2-design/gds-create-gdd/steps-c/step-13-metrics.md","0d3d1563340fbc90821b51e119e5a172bbe91c21159f294e2e1c1d66833f53de"
"md","step-13-responsive-accessibility","gds","gds/workflows/2-design/gds-create-ux-design/steps/step-13-responsive-accessibility.md","c0b32efd11e95c8267421ba18a68a013b4bda9d5641ecde092c94cb3ee60a5c0"
"md","step-14-complete","gds","gds/workflows/2-design/gds-create-gdd/steps-c/step-14-complete.md","f0d550171dd51c4736fb69900c4efeaad4f3b8306e9d92780836ac1ae7c31ddd"
"md","step-14-complete","gds","gds/workflows/2-design/gds-create-ux-design/steps/step-14-complete.md","88e4a4635bf8438689ca288c17eb59b5b1d82f066c35698cc28053701fe74c3c"
"md","step-e-01-discovery","gds","gds/workflows/2-design/gds-edit-gdd/steps-e/step-e-01-discovery.md","7da53371fe16019c6d4ace4377e8d186b9a25986f8d13b1e967589f684b2d58e"
"md","step-e-01-discovery","gds","gds/workflows/2-design/gds-edit-prd/steps-e/step-e-01-discovery.md","53e8b5d774622c32a97289f5ef0ba34c1bbf82b5e7a856de44f32b07d195c2fa"
"md","step-e-01b-legacy-conversion","gds","gds/workflows/2-design/gds-edit-gdd/steps-e/step-e-01b-legacy-conversion.md","88c60df863561af7ab7f3f6b7ea5de2be316f9d4a8fa5143519d8490307f1563"
"md","step-e-01b-legacy-conversion","gds","gds/workflows/2-design/gds-edit-prd/steps-e/step-e-01b-legacy-conversion.md","b28666119a35fd260ad336b8b39e7f6d4f5e65661a567cea62158006368a7846"
"md","step-e-02-review","gds","gds/workflows/2-design/gds-edit-gdd/steps-e/step-e-02-review.md","762ee4616a94867e666b0578f379e4deebd2fcd8bad90f47f651e79b985a415a"
"md","step-e-02-review","gds","gds/workflows/2-design/gds-edit-prd/steps-e/step-e-02-review.md","f9d13aff1b08d034c18997bdbc169cf821bdba156980fbbbadad512502d91d59"
"md","step-e-03-edit","gds","gds/workflows/2-design/gds-edit-gdd/steps-e/step-e-03-edit.md","34092f66cec3b1632489573b12e301c6a34528ca38b75e25eb3da8128a33bf43"
"md","step-e-03-edit","gds","gds/workflows/2-design/gds-edit-prd/steps-e/step-e-03-edit.md","80ca84bac702cbe1b027c19ba1a46f70140b94e63ec29eb5cd0ef94164a6474f"
"md","step-e-04-complete","gds","gds/workflows/2-design/gds-edit-gdd/steps-e/step-e-04-complete.md","9ba4e6397484812c14848093b7b7756a532300cc5f6bea5739818c11edcbd425"
"md","step-e-04-complete","gds","gds/workflows/2-design/gds-edit-prd/steps-e/step-e-04-complete.md","97919c5dc8b2a08df48d2ef21c38b923fecb3581c335259af474a62fb49577a9"
"md","step-oneshot","gds","gds/workflows/gds-quick-flow/gds-quick-dev/step-oneshot.md","400fcd81dd8debacef2387a380e3155906b41978d53515eacb2beb1aa08912d2"
"md","step-v-01-discovery","gds","gds/workflows/2-design/gds-validate-gdd/steps-v/step-v-01-discovery.md","f3e6c8e1f295689b39a9d336016773f5882d947c576f12aa957fb62d6650b3b9"
"md","step-v-01-discovery","gds","gds/workflows/2-design/gds-validate-prd/steps-v/step-v-01-discovery.md","ad2963d8f0d85f6d512aa006b44e7c2b9a49257fc8d641d84ed0d01adba1daf6"
"md","step-v-02-format-detection","gds","gds/workflows/2-design/gds-validate-gdd/steps-v/step-v-02-format-detection.md","67442cbb93ffc19003032c24c1dff448ca081a41dc65aacbcb05e88052394fed"
"md","step-v-02-format-detection","gds","gds/workflows/2-design/gds-validate-prd/steps-v/step-v-02-format-detection.md","251ea5a1cf7779db2dc39d5d8317976a27f84b421359c1974ae96c0943094341"
"md","step-v-02b-parity-check","gds","gds/workflows/2-design/gds-validate-gdd/steps-v/step-v-02b-parity-check.md","35dc07024fdbc94a1a22901a3ad4a5c8dc8c4f9edc648f1b5237c8a9c15d6875"
"md","step-v-02b-parity-check","gds","gds/workflows/2-design/gds-validate-prd/steps-v/step-v-02b-parity-check.md","3481beae212bb0140c105d0ae87bb9714859c93a471048048512fd1278da2fcd"
"md","step-v-03-density-validation","gds","gds/workflows/2-design/gds-validate-gdd/steps-v/step-v-03-density-validation.md","5561a7bfe4f9399599e79fb1ea23a2a10856242ee6bb77e18a9c591191bd45f9"
"md","step-v-03-density-validation","gds","gds/workflows/2-design/gds-validate-prd/steps-v/step-v-03-density-validation.md","5b95ecd032fb65f86b7eee7ce7c30c997dc2a8b5e4846d88c2853538591a9e40"
"md","step-v-04-brief-coverage-validation","gds","gds/workflows/2-design/gds-validate-gdd/steps-v/step-v-04-brief-coverage-validation.md","d13bd3966cf419641bff80427c69d08177f5226e874b6631b0542df82fff9b9f"
"md","step-v-04-brief-coverage-validation","gds","gds/workflows/2-design/gds-validate-prd/steps-v/step-v-04-brief-coverage-validation.md","97eb248c7d67e6e5121dd0b020409583998fba433799ea4c5c8cb40c7ff9c7c1"
"md","step-v-05-measurability-validation","gds","gds/workflows/2-design/gds-validate-gdd/steps-v/step-v-05-measurability-validation.md","563f2ee2e2667e0c4cfdeaa87d1be981e561b09311828d65f955442a0d2bd246"
"md","step-v-05-measurability-validation","gds","gds/workflows/2-design/gds-validate-prd/steps-v/step-v-05-measurability-validation.md","2f331ee6d4f174dec0e4b434bf7691bfcf3a13c6ee0c47a65989badaa6b6a28c"
"md","step-v-06-traceability-validation","gds","gds/workflows/2-design/gds-validate-gdd/steps-v/step-v-06-traceability-validation.md","568bd0aeacbc66cab0bb5e0646f1ff3c7463b6de68c3d1fbbe9d8ef60301ba09"
"md","step-v-06-traceability-validation","gds","gds/workflows/2-design/gds-validate-prd/steps-v/step-v-06-traceability-validation.md","970ea67486211a611a701e1490ab7e8f2f98060a9f78760b6ebfdb9f37743c74"
"md","step-v-07-implementation-leakage-validation","gds","gds/workflows/2-design/gds-validate-gdd/steps-v/step-v-07-implementation-leakage-validation.md","99e00553c9afcc0fc1f2f6362f8f33c1aac2dd4be50467e8293157fa45b344a8"
"md","step-v-07-implementation-leakage-validation","gds","gds/workflows/2-design/gds-validate-prd/steps-v/step-v-07-implementation-leakage-validation.md","f75d1d808fdf3d61b15bea55418b82df747f45902b6b22fe541e83b4ea3fa465"
"md","step-v-08-domain-compliance-validation","gds","gds/workflows/2-design/gds-validate-prd/steps-v/step-v-08-domain-compliance-validation.md","a1902baaf4eaaf946e5c2c2101a1ac46f8ee4397e599218b8dc030cd00c97512"
"md","step-v-08-genre-compliance-validation","gds","gds/workflows/2-design/gds-validate-gdd/steps-v/step-v-08-genre-compliance-validation.md","a4d75e4ddf267f18199849db5de4f74a26db311241d7777c74cea66b6f533917"
"md","step-v-09-game-type-validation","gds","gds/workflows/2-design/gds-validate-gdd/steps-v/step-v-09-game-type-validation.md","14ecf6edab59e38b1a528b989ea37a9c5fd745eca37a18e0e69989d2fbabe890"
"md","step-v-09-project-type-validation","gds","gds/workflows/2-design/gds-validate-prd/steps-v/step-v-09-project-type-validation.md","d53e95264625335184284d3f9d0fc6e7674f67bdf97e19362fc33df4bea7f096"
"md","step-v-10-smart-validation","gds","gds/workflows/2-design/gds-validate-gdd/steps-v/step-v-10-smart-validation.md","f3fcd252ac33b249247107b000dd6ee390eb2f1b896b50fdacf0fedce97e0b53"
"md","step-v-10-smart-validation","gds","gds/workflows/2-design/gds-validate-prd/steps-v/step-v-10-smart-validation.md","ef281e25378b4453a12b1b6500a4743c38a0f5adbb640c3ca04cf574ddc297c9"
"md","step-v-11-holistic-quality-validation","gds","gds/workflows/2-design/gds-validate-gdd/steps-v/step-v-11-holistic-quality-validation.md","700c68a3ed325b542da5f3c4dff814589c2b8012fd7d83de7566c8045de2e5f7"
"md","step-v-11-holistic-quality-validation","gds","gds/workflows/2-design/gds-validate-prd/steps-v/step-v-11-holistic-quality-validation.md","62c9a084cbed94f747a78564ea3746b07e2bf546c74f5b298eeb5c42915bbcb9"
"md","step-v-12-completeness-validation","gds","gds/workflows/2-design/gds-validate-gdd/steps-v/step-v-12-completeness-validation.md","9d40d9ea01be5546c360b638ecf99f2b12bffecb32edf48f0925f8574c340bbd"
"md","step-v-12-completeness-validation","gds","gds/workflows/2-design/gds-validate-prd/steps-v/step-v-12-completeness-validation.md","c966933a0ca3753db75591325cef4d4bdaf9639a1a63f9438758d32f7e1a1dda"
"md","step-v-13-report-complete","gds","gds/workflows/2-design/gds-validate-gdd/steps-v/step-v-13-report-complete.md","871340b5a6baf39483425640befd8523aa8aa5bb078a1c016cd91eebb739045d"
"md","step-v-13-report-complete","gds","gds/workflows/2-design/gds-validate-prd/steps-v/step-v-13-report-complete.md","920b8dca01073fca21e94d37260c5d2b668b5c44497a9facf884259d5d80824c"
"md","strategy","gds","gds/workflows/2-design/gds-create-gdd/game-types/strategy.md","997380919f6c1b408906c364f74e728b9c6b45bf2960d1f0bfe8b0def594735e"
"md","survival","gds","gds/workflows/2-design/gds-create-gdd/game-types/survival.md","3647795ee0073a85217633412a41a938e51a553776acbe9ac953fb403e3437f9"
"md","sync-sprint-status","gds","gds/workflows/gds-quick-flow/gds-quick-dev/sync-sprint-status.md","c0f2fdb940984206a4b7aa2467fbcb7c4811f648634e43a488593974e9efff5e"
"md","template","gds","gds/workflows/4-production/gds-create-story/template.md","bb22dc83535c732675a3609638a8af7c7da2df2b65e0dc588d3b22800539d45a"
"md","test-design-template","gds","gds/workflows/gametest/gds-test-design/test-design-template.md","87ea44fb715e0a8502c59be8d9fe88695e20edbd01a26f8b70ec83769a5a208f"
"md","test-priorities","gds","gds/agents/gds-agent-game-dev/gametest/knowledge/test-priorities.md","bf1c726cfcbd44511a97820e1c4d4de1f4b2579ca97cd216f91b91fbeb72e04a"
"md","test-review-template","gds","gds/workflows/gametest/gds-test-review/test-review-template.md","62f64abc9e42f3014f65b7a663477ea2ae84eea7da423508761535da67d9ad0f"
"md","text-based","gds","gds/workflows/2-design/gds-create-gdd/game-types/text-based.md","5895ca65dc93f676bb33b754f2c6be85d5d9b651df87d8431d404dc9bb736ee7"
"md","tower-defense","gds","gds/workflows/2-design/gds-create-gdd/game-types/tower-defense.md","03a2cc577fdd1a183ba04409b01b22f2f38713d28f1278481b0f221858f97ec8"
"md","turn-based-tactics","gds","gds/workflows/2-design/gds-create-gdd/game-types/turn-based-tactics.md","30a150d8a0ab746f0c67d414be79e7e421fff1b8b7a1b716e64800df72bdb6c2"
"md","unity-engine","gds","gds/workflows/3-technical/gds-game-architecture/knowledge/unity-engine.md","7246db2a0b267d9c34b94b6869ee43bb67ef24728d96ffa0907a158bdc5852cb"
"md","unity-testing","gds","gds/agents/gds-agent-game-dev/gametest/knowledge/unity-testing.md","17b84ad2c6b651cad40edf697991be60b86aa80d3c98666c08b71e8908474492"
"md","unreal-engine","gds","gds/workflows/3-technical/gds-game-architecture/knowledge/unreal-engine.md","25c737e132f37d736ec17ac531712795c1a9197dabd7a26084de8117e226590a"
"md","unreal-testing","gds","gds/agents/gds-agent-game-dev/gametest/knowledge/unreal-testing.md","0ca53c31bd4c65dac328488433b49b7673e25f47e9945d9abfa9644c43bf2572"
"md","update-standards","gds","gds/agents/gds-agent-tech-writer/update-standards.md","a4bbbff641c454f872cad8b263bf96b0f519e718e7f6c0b18d283c46e4df377c"
"md","ux-design-template","gds","gds/workflows/2-design/gds-create-ux-design/ux-design-template.md","ffa4b89376cd9db6faab682710b7ce755990b1197a8b3e16b17748656d1fca6a"
"md","validate-doc","gds","gds/agents/gds-agent-tech-writer/validate-doc.md","5e12651ffc5c8020b59d66e267a6d5605f0e4583683935528697fe642d58af9e"
"md","visual-novel","gds","gds/workflows/2-design/gds-create-gdd/game-types/visual-novel.md","2d98f4c682f0abbd6330ac1bad04600c596e6b27302adbe9510fc0c0bf53052c"
"md","workflow","gds","gds/workflows/1-preproduction/gds-brainstorm-game/workflow.md","f642278746241c3b39a76cdc7bb29ff5f2d0bcd5c89fe267f62eb6e544d527df"
"md","workflow","gds","gds/workflows/1-preproduction/gds-create-game-brief/workflow.md","7ef2bafb0bf07552f2e6f514bdd02ba297a8fd0fb01c60a51e8ed3116562a0e7"
"md","workflow","gds","gds/workflows/1-preproduction/research/gds-domain-research/workflow.md","9e777056d8bc72fbb04ee8b52213139cc5f17892bef2676b642b1197ed1f9819"
"md","workflow","gds","gds/workflows/2-design/gds-create-gdd/workflow.md","c8662e6daa9c4d45dba85411b50e3f7d68293c6fb72be92357171e76fd9acc80"
"md","workflow","gds","gds/workflows/2-design/gds-create-narrative/workflow.md","bf13383a02035ab1476b63f0f129004ce5bb38dd0f2d966dd72eb910531e1aac"
"md","workflow","gds","gds/workflows/2-design/gds-create-prd/workflow.md","e45a4a56b36bcb44242cf3ac756a42e8be78d96d5545473330db14a9be599dde"
"md","workflow","gds","gds/workflows/2-design/gds-create-ux-design/workflow.md","1a94eda153b04b315cae399e22c578f9a6918eb93753170d7330de586adb82b7"
"md","workflow","gds","gds/workflows/2-design/gds-edit-gdd/workflow.md","4f861903ecfd797ced42db707aa9a489cde874aa05020388d005daf466da6034"
"md","workflow","gds","gds/workflows/2-design/gds-edit-prd/workflow.md","4b8c1f1a64e780b91d22f22a9c73bf3eb659dd64e49a1cf9c5f34f8767fda931"
"md","workflow","gds","gds/workflows/2-design/gds-validate-gdd/workflow.md","86ad926a68d9ade7080f74c15117eaa9b8dae2d708ef054b821345a3f9f004d0"
"md","workflow","gds","gds/workflows/2-design/gds-validate-prd/workflow.md","e1ebf01a7400d851f4c1d896b16a23c5f1f34652163e110412bcc0cd665db16c"
"md","workflow","gds","gds/workflows/3-technical/gds-check-implementation-readiness/workflow.md","499cec5ecb82985a989a6d0a92bb3303493bf23390aac47fa4daad4ab56e055d"
"md","workflow","gds","gds/workflows/3-technical/gds-create-epics-and-stories/workflow.md","21340e38114e55673e6c8c58c4cec45bbc528a21356e080b04f9976f20c3bb35"
"md","workflow","gds","gds/workflows/3-technical/gds-game-architecture/workflow.md","edc2835c92ad4cb1c4653c742503cd4c1c50cffe597fb637aa29caddc5c8e4d3"
"md","workflow","gds","gds/workflows/3-technical/gds-generate-project-context/workflow.md","35adeae22332effc8cf8641792ebd4b5d313571eafe4ee3d74d1196eceb1cce9"
"md","workflow","gds","gds/workflows/4-production/gds-code-review/workflow.md","ac3fb8b27495cbe0ac1f7e33b4204990cfec714e12327649e948a310e68be52b"
"md","workflow","gds","gds/workflows/4-production/gds-correct-course/workflow.md","fde2260e0be1a132a623ae4d7a65a6c9b4d9da9b715787ce2003718811854407"
"md","workflow","gds","gds/workflows/4-production/gds-create-story/workflow.md","6f7a8c9d9dc61fd57ebcb45b776cd5d2e286e8730682c05f16773199a9eb596c"
"md","workflow","gds","gds/workflows/4-production/gds-dev-story/workflow.md","85b9c4b752e38181dc11227356d54121c36b095bd4c63d3751e7c80f9a6332c8"
"md","workflow","gds","gds/workflows/4-production/gds-retrospective/workflow.md","8713459284ec521edcdcecf71881a5525405d473f0cc9dedcfd467deebc1bac9"
"md","workflow","gds","gds/workflows/4-production/gds-sprint-planning/workflow.md","1ab61b4a8a091243734b6489db9c72ab57de0c4214f2e1b6bbee808a9efee042"
"md","workflow","gds","gds/workflows/4-production/gds-sprint-status/workflow.md","efad9c5afb3810bea3619dad9343e866533cd4ea47b0db62a8fdde8a6c0d35ca"
"md","workflow","gds","gds/workflows/gametest/gds-e2e-scaffold/workflow.md","4e44eb3a9a81f231b60f6617eb7621b4c24856e95f93bfa5f910d49bf8af7033"
"md","workflow","gds","gds/workflows/gametest/gds-performance-test/workflow.md","11784cc8d136e7e66a5d7f579d93c2f80fa44540445d9d2b122c5e8f6cb1e9a6"
"md","workflow","gds","gds/workflows/gametest/gds-playtest-plan/workflow.md","020cf5d796e8812b2cc7ab524e274d7cb86abb8391e2ed57a51f87081445a8e8"
"md","workflow","gds","gds/workflows/gametest/gds-test-automate/workflow.md","fc7453e70f71d668a7e3a6732324bc3d511c20d090b6351ee93f5f2b078d31cb"
"md","workflow","gds","gds/workflows/gametest/gds-test-design/workflow.md","2da2b2982d0944d0f7c40fd6e06185235459a22b213de9714bc91aa7bba2f04b"
"md","workflow","gds","gds/workflows/gametest/gds-test-framework/workflow.md","ffc68fd80192dc868f1b1c01cb90ece97a1605b04afc6cc139abb3ae0424646e"
"md","workflow","gds","gds/workflows/gametest/gds-test-review/workflow.md","98bceb64ab0c882554dde7ed407d6e34f5d6412bce19beab9a95e6eaa8cc6e93"
"md","workflow","gds","gds/workflows/gds-document-project/workflow.md","ddf20f8ab843a49128b253bce88c2fd389aa363c6c662fcbabeeb39d7a06cb12"
"md","workflow","gds","gds/workflows/gds-quick-flow/gds-quick-dev/workflow.md","cac57f8ce0510e0641ff35c950ea3b2ae4858527cbec3c24e1b982cb9b6da8e2"
"md","workflow-market-research","gds","gds/workflows/1-preproduction/research/workflow-market-research.md","6e0e3ce6218356e16ccb4f1ee1b01012857940838d13fcc6b48c1a73cc2ddf81"
"md","workflow-technical-research","gds","gds/workflows/1-preproduction/research/workflow-technical-research.md","5d1df56505d4c1532d8d3965a1e72a2d82038d1d670f3fecc0d9c26e221ec287"
"md","write-document","gds","gds/agents/gds-agent-tech-writer/write-document.md","d76084c9a1b2da01960819b1daa1714c8580f13005d2ea1e0bb9f94ef9005e8d"
"yaml","architecture-patterns","gds","gds/workflows/3-technical/gds-game-architecture/architecture-patterns.yaml","3beef746fa0378022a3b98363a6a42a01a6268ecade801215a0bd331ed02a1d3"
"yaml","bmad-skill-manifest","gds","gds/agents/gds-agent-game-architect/bmad-skill-manifest.yaml","6fe8fa99d036a884a384e02ae780420f748caf2390fb6728a0cfb004514d17de"
"yaml","bmad-skill-manifest","gds","gds/agents/gds-agent-game-designer/bmad-skill-manifest.yaml","f603dc784fc7b39d79bd3e92857275d794fdf2e1f229ddce70099ceffd23c4cc"
"yaml","bmad-skill-manifest","gds","gds/agents/gds-agent-game-dev/bmad-skill-manifest.yaml","2e9dff185241e3cc54ac8dfcf2fa0efbd4063d6066b74c35a4ae3799db3063ff"
"yaml","bmad-skill-manifest","gds","gds/agents/gds-agent-game-solo-dev/bmad-skill-manifest.yaml","80d9189c2d34ef858285677292b6049eb60df2a185c9c3a097756cddab038b75"
"yaml","bmad-skill-manifest","gds","gds/agents/gds-agent-tech-writer/bmad-skill-manifest.yaml","c7975de274f3db17d633d49e5d806d539245d62e88aadfdc666e03249f896dad"
"yaml","bmad-skill-manifest","gds","gds/workflows/1-preproduction/gds-brainstorm-game/bmad-skill-manifest.yaml","ea1b058a23cd4fb442f2e7bc7a3a871b73391c0d18c32ddad020dd56b20425ee"
"yaml","bmad-skill-manifest","gds","gds/workflows/1-preproduction/gds-create-game-brief/bmad-skill-manifest.yaml","ea1b058a23cd4fb442f2e7bc7a3a871b73391c0d18c32ddad020dd56b20425ee"
"yaml","bmad-skill-manifest","gds","gds/workflows/1-preproduction/research/bmad-skill-manifest.yaml","085817fe150db6c86d638f74ddb96da917b5783d1d4bdcdae243d7725eefd69b"
"yaml","bmad-skill-manifest","gds","gds/workflows/1-preproduction/research/gds-domain-research/bmad-skill-manifest.yaml","ea1b058a23cd4fb442f2e7bc7a3a871b73391c0d18c32ddad020dd56b20425ee"
"yaml","bmad-skill-manifest","gds","gds/workflows/2-design/gds-create-gdd/bmad-skill-manifest.yaml","ea1b058a23cd4fb442f2e7bc7a3a871b73391c0d18c32ddad020dd56b20425ee"
"yaml","bmad-skill-manifest","gds","gds/workflows/2-design/gds-create-narrative/bmad-skill-manifest.yaml","ea1b058a23cd4fb442f2e7bc7a3a871b73391c0d18c32ddad020dd56b20425ee"
"yaml","bmad-skill-manifest","gds","gds/workflows/2-design/gds-create-prd/bmad-skill-manifest.yaml","ea1b058a23cd4fb442f2e7bc7a3a871b73391c0d18c32ddad020dd56b20425ee"
"yaml","bmad-skill-manifest","gds","gds/workflows/2-design/gds-create-ux-design/bmad-skill-manifest.yaml","ea1b058a23cd4fb442f2e7bc7a3a871b73391c0d18c32ddad020dd56b20425ee"
"yaml","bmad-skill-manifest","gds","gds/workflows/2-design/gds-edit-gdd/bmad-skill-manifest.yaml","ea1b058a23cd4fb442f2e7bc7a3a871b73391c0d18c32ddad020dd56b20425ee"
"yaml","bmad-skill-manifest","gds","gds/workflows/2-design/gds-edit-prd/bmad-skill-manifest.yaml","ea1b058a23cd4fb442f2e7bc7a3a871b73391c0d18c32ddad020dd56b20425ee"
"yaml","bmad-skill-manifest","gds","gds/workflows/2-design/gds-validate-gdd/bmad-skill-manifest.yaml","ea1b058a23cd4fb442f2e7bc7a3a871b73391c0d18c32ddad020dd56b20425ee"
"yaml","bmad-skill-manifest","gds","gds/workflows/2-design/gds-validate-prd/bmad-skill-manifest.yaml","ea1b058a23cd4fb442f2e7bc7a3a871b73391c0d18c32ddad020dd56b20425ee"
"yaml","bmad-skill-manifest","gds","gds/workflows/3-technical/gds-check-implementation-readiness/bmad-skill-manifest.yaml","ea1b058a23cd4fb442f2e7bc7a3a871b73391c0d18c32ddad020dd56b20425ee"
"yaml","bmad-skill-manifest","gds","gds/workflows/3-technical/gds-create-epics-and-stories/bmad-skill-manifest.yaml","ea1b058a23cd4fb442f2e7bc7a3a871b73391c0d18c32ddad020dd56b20425ee"
"yaml","bmad-skill-manifest","gds","gds/workflows/3-technical/gds-game-architecture/bmad-skill-manifest.yaml","ea1b058a23cd4fb442f2e7bc7a3a871b73391c0d18c32ddad020dd56b20425ee"
"yaml","bmad-skill-manifest","gds","gds/workflows/3-technical/gds-generate-project-context/bmad-skill-manifest.yaml","ea1b058a23cd4fb442f2e7bc7a3a871b73391c0d18c32ddad020dd56b20425ee"
"yaml","bmad-skill-manifest","gds","gds/workflows/4-production/gds-code-review/bmad-skill-manifest.yaml","ea1b058a23cd4fb442f2e7bc7a3a871b73391c0d18c32ddad020dd56b20425ee"
"yaml","bmad-skill-manifest","gds","gds/workflows/4-production/gds-correct-course/bmad-skill-manifest.yaml","ea1b058a23cd4fb442f2e7bc7a3a871b73391c0d18c32ddad020dd56b20425ee"
"yaml","bmad-skill-manifest","gds","gds/workflows/4-production/gds-create-story/bmad-skill-manifest.yaml","ea1b058a23cd4fb442f2e7bc7a3a871b73391c0d18c32ddad020dd56b20425ee"
"yaml","bmad-skill-manifest","gds","gds/workflows/4-production/gds-dev-story/bmad-skill-manifest.yaml","ea1b058a23cd4fb442f2e7bc7a3a871b73391c0d18c32ddad020dd56b20425ee"
"yaml","bmad-skill-manifest","gds","gds/workflows/4-production/gds-retrospective/bmad-skill-manifest.yaml","ea1b058a23cd4fb442f2e7bc7a3a871b73391c0d18c32ddad020dd56b20425ee"
"yaml","bmad-skill-manifest","gds","gds/workflows/4-production/gds-sprint-planning/bmad-skill-manifest.yaml","ea1b058a23cd4fb442f2e7bc7a3a871b73391c0d18c32ddad020dd56b20425ee"
"yaml","bmad-skill-manifest","gds","gds/workflows/4-production/gds-sprint-status/bmad-skill-manifest.yaml","ea1b058a23cd4fb442f2e7bc7a3a871b73391c0d18c32ddad020dd56b20425ee"
"yaml","bmad-skill-manifest","gds","gds/workflows/gametest/gds-e2e-scaffold/bmad-skill-manifest.yaml","ea1b058a23cd4fb442f2e7bc7a3a871b73391c0d18c32ddad020dd56b20425ee"
"yaml","bmad-skill-manifest","gds","gds/workflows/gametest/gds-performance-test/bmad-skill-manifest.yaml","ea1b058a23cd4fb442f2e7bc7a3a871b73391c0d18c32ddad020dd56b20425ee"
"yaml","bmad-skill-manifest","gds","gds/workflows/gametest/gds-playtest-plan/bmad-skill-manifest.yaml","ea1b058a23cd4fb442f2e7bc7a3a871b73391c0d18c32ddad020dd56b20425ee"
"yaml","bmad-skill-manifest","gds","gds/workflows/gametest/gds-test-automate/bmad-skill-manifest.yaml","ea1b058a23cd4fb442f2e7bc7a3a871b73391c0d18c32ddad020dd56b20425ee"
"yaml","bmad-skill-manifest","gds","gds/workflows/gametest/gds-test-design/bmad-skill-manifest.yaml","ea1b058a23cd4fb442f2e7bc7a3a871b73391c0d18c32ddad020dd56b20425ee"
"yaml","bmad-skill-manifest","gds","gds/workflows/gametest/gds-test-framework/bmad-skill-manifest.yaml","ea1b058a23cd4fb442f2e7bc7a3a871b73391c0d18c32ddad020dd56b20425ee"
"yaml","bmad-skill-manifest","gds","gds/workflows/gametest/gds-test-review/bmad-skill-manifest.yaml","ea1b058a23cd4fb442f2e7bc7a3a871b73391c0d18c32ddad020dd56b20425ee"
"yaml","bmad-skill-manifest","gds","gds/workflows/gds-document-project/bmad-skill-manifest.yaml","ea1b058a23cd4fb442f2e7bc7a3a871b73391c0d18c32ddad020dd56b20425ee"
"yaml","bmad-skill-manifest","gds","gds/workflows/gds-quick-flow/gds-quick-dev/bmad-skill-manifest.yaml","ea1b058a23cd4fb442f2e7bc7a3a871b73391c0d18c32ddad020dd56b20425ee"
"yaml","config","gds","gds/config.yaml","0f52aca0a4a0f9d1c08140d0b7c56ab403b107403754a4e52dad44f03bd95fa8"
"yaml","decision-catalog","gds","gds/workflows/3-technical/gds-game-architecture/decision-catalog.yaml","9b11cc159e4e74e7c3c9782bc3772ca7fc9192afee712c4eed0938994bbc3412"
"yaml","engine-mcps","gds","gds/workflows/3-technical/gds-game-architecture/engine-mcps.yaml","5a2388ec24cb3eaf94273dd31ff98792aa02659cdaa1e9800af7e507e1cd6e77"
"yaml","sprint-status-template","gds","gds/workflows/4-production/gds-sprint-planning/sprint-status-template.yaml","0d7fe922f21d4f00e538c265ff90e470c3e2eca761e663d84b7a1320b2f25980"
